"text","label","notes"
"A 2019 analysis by researchers at the University of Massachusetts Amherst found that training a single large transformer model can emit as much CO2 as five cars over their entire lifetimes, including manufacturing, yet most published ML papers still omit any energy consumption disclosure. Without standardized reporting, benchmarking progress on sustainable AI is nearly impossible. The field needs to adopt energy and carbon metrics as first-class evaluation criteria alongside accuracy and F1 scores.","High Quality",""
"Our team reduced inference-time energy consumption by 43% by switching from FP32 to INT8 quantization on our production NLP pipeline, with less than 0.8% degradation on our task-specific evaluation benchmarks. At the request volume we serve, that translates to roughly 180 MWh saved annually. This is the kind of efficiency work that rarely makes it into papers but has outsized real-world environmental impact.","High Quality",""
"Google's DeepMind demonstrated a 40% reduction in data center cooling energy using a deep reinforcement learning system trained on historical sensor data, without any hardware modifications. The approach was validated across multiple facilities and has been running in production since 2018. This is one of the clearest examples of AI reducing its own infrastructure footprint.","High Quality",""
"The carbon intensity of electricity varies by a factor of roughly 100x between the cleanest and dirtiest regional grids. Training an equivalent model in Iceland, which runs on nearly 100% renewables, versus Poland, still significantly coal-dependent, produces dramatically different emissions profiles. Cloud providers are beginning to expose carbon-aware region selection, but adoption remains low because it adds latency and cost complexity to procurement decisions.","High Quality",""
"Mixture-of-experts architectures activate only a subset of parameters per forward pass. Mixtral 8x7B activates 2 of 8 expert layers per token, delivering benchmark performance comparable to a dense 70B model at a fraction of the inference compute. For organizations running LLM inference at scale, architectural choices like this can dwarf the efficiency gains from hardware upgrades alone.","High Quality",""
"Power Usage Effectiveness in hyperscale facilities has improved from an industry average above 2.0 in the mid-2000s to approximately 1.15 in leading facilities today. However, PUE measures only how efficiently a building uses the electricity it consumes, not the carbon intensity of that electricity source. A facility with a PUE of 1.1 powered by coal is environmentally worse than a 1.4 PUE facility running on hydroelectric power.","High Quality",""
"Microsoft's disclosure that training GPT-4 consumed an estimated 700,000 liters of freshwater for evaporative cooling brought water stress into the AI sustainability conversation in a concrete way. Unlike electricity, water is locally constrained, and a data center in Arizona drawing from the Colorado River watershed creates very different externalities than one in the Pacific Northwest. Water footprint deserves the same level of mandatory disclosure as carbon footprint.","High Quality",""
"Inference-time compute often exceeds training compute over a model's operational lifetime by orders of magnitude at consumer scale. A model with a 50,000 MWh training footprint serving 100 million daily users for two years may accumulate 10x that footprint through inference alone. Sustainable AI product design must account for the full deployment lifecycle, not just the training run.","High Quality",""
"The EU's Corporate Sustainability Reporting Directive and AI Act together create the first regulatory environment requiring AI system energy disclosures to be independently audited and publicly reported. This is not voluntary ESG reporting but a compliance requirement with enforcement mechanisms. Organizations operating in the EU market need to start instrumenting energy usage at the model and workload level now.","High Quality",""
"Nvidia's H100 delivers approximately 3.9x the training throughput of the A100 at roughly 1.4x the power draw, a substantial improvement in compute efficiency per watt. However, Jevons Paradox is a persistent concern: historically, efficiency improvements in computing have increased total energy consumption by enabling new applications and lowering per-unit compute costs. Hardware efficiency gains are necessary but not sufficient for sustainable AI.","High Quality",""
"Strubell et al.'s 2019 paper on energy and policy considerations for deep learning in NLP was among the first to systematically quantify the carbon cost of neural architecture search, estimating emissions equivalent to five transatlantic flights for a single large model training run. The work catalyzed a field-wide conversation about measurement norms, though standardized methodologies remain contested and inconsistently applied years later.","High Quality",""
"Model distillation trains a smaller student model to mimic a larger teacher and routinely achieves 90 to 95% of benchmark performance at 10 to 20% of inference-time compute. DistilBERT is 40% smaller than BERT-base and 60% faster while retaining 97% of GLUE benchmark performance. For high-volume inference applications, distillation is one of the highest-leverage sustainability interventions available to ML engineers today.","High Quality",""
"Carbon-aware computing schedules batch inference and training jobs to run during periods of high renewable availability on the local grid, requiring no algorithmic changes while reducing operational carbon by 20 to 40% depending on regional grid variability. Google's Carbon-Intelligent Computing System implements this at the fleet level, shifting deferrable workloads by hours or location. This is a high-return, low-risk intervention most organizations could implement today.","High Quality",""
"Federated learning trains models across distributed edge devices without centralizing raw data, reducing data transfer energy and avoiding the compute concentration of centralized training. However, a complete energy accounting must include the aggregate power consumption of millions of client devices during local training passes, often resource-constrained phones. The net environmental benefit depends critically on device mix, local grid carbon intensity, and communication protocol overhead.","High Quality",""
"The NIST AI Risk Management Framework and the OECD AI Principles both include environmental sustainability as a dimension of responsible AI alongside safety, fairness, and accountability. Operationalizing these principles requires agreed measurement methodologies, which do not yet exist at the industry level. The gap between principle and practice in sustainable AI governance is significant and underappreciated.","High Quality",""
"Sparse attention mechanisms reduce the quadratic complexity of standard self-attention to near-linear, directly reducing compute and energy at long context lengths. At a sequence length of 16,000 tokens, sparse attention can reduce attention computation by 8 to 16x compared to dense attention. As context windows grow across the industry, the energy implications of attention mechanism design become increasingly material.","High Quality",""
"Algorithmic efficiency has improved faster than Moore's Law over the past decade, with some estimates suggesting a 44x reduction in the compute needed to match a given performance threshold over roughly eight years. Yet headline model sizes have also grown by orders of magnitude over the same period. The efficiency curve is real, but applying those gains to reduce total energy consumption requires deliberate architectural and deployment decisions rather than assuming they happen automatically.","High Quality",""
"Henderson et al.'s 2020 systematic study found that the same deep learning experiment can produce carbon footprints varying by up to 626x depending on hardware choice and regional grid carbon intensity. The study proposed a standardized carbon reporting framework for ML papers, yet adoption in top venues remains inconsistent. Without mandatory energy and emissions reporting, the ML community cannot measure progress toward more sustainable practices.","High Quality",""
"The MLPerf training benchmark suite added energy and power measurement to its v3.0 results, enabling direct comparison of joules per unit of training progress across hardware configurations. Early results showed a 3-5x variance in energy per unit of training throughput across platforms at similar price points. This kind of standardized measurement is essential for evidence-based hardware procurement decisions on environmental grounds.","High Quality",""
"Flash Attention, published by Dao et al. in 2022, reduces the memory complexity of self-attention from O(n squared) to O(n) by using tiling to avoid materializing the full attention matrix. In practice it delivers roughly 3x training speedup on A100 GPUs for long sequences, directly reducing GPU-hours and energy required to train and serve large models. Algorithmic innovations like this compound with hardware improvements to drive system-level efficiency.","High Quality",""
"Low-rank adaptation reduces the number of trainable parameters in fine-tuning by 99% or more relative to full fine-tuning, by constraining weight updates to a low-rank decomposition. This dramatically reduces the compute, memory, and energy required to adapt a foundation model to a downstream task. At the scale of thousands of fine-tuning experiments across the industry, LoRA-class methods represent a substantial reduction in aggregate AI training energy consumption.","High Quality",""
"Speculative decoding accelerates autoregressive inference by using a small draft model to propose token sequences that a larger target model verifies in parallel, achieving 2-3x end-to-end speedup on benchmark tasks without any change to model weights. Since inference latency is a key driver of compute-per-token cost at scale, this technique reduces both cost and energy consumption for production LLM deployments.","High Quality",""
"Neural architecture search was identified in Strubell et al.'s 2019 analysis as among the most energy-intensive ML processes, with a single NAS experiment potentially emitting over 280 tonnes of CO2e -- roughly 60x a standard training run. Once-for-all networks and weight-sharing NAS approaches reduce this overhead by amortizing search across a shared supernet. The gap between vanilla NAS and efficient NAS methods represents one of the largest addressable carbon reduction opportunities in ML research.","High Quality",""
"Embodied carbon from manufacturing AI hardware is frequently omitted from AI sustainability analyses, which typically focus only on operational electricity. Research from ETH Zurich estimated that for a 4-year GPU lifecycle, embodied carbon can represent 30-50% of total carbon footprint depending on utilization rate and grid carbon intensity. Higher hardware utilization rates directly reduce embodied carbon per unit of compute, making server utilization a sustainability metric as well as an economic one.","High Quality",""
"Google's 24/7 Carbon-Free Energy commitment differs fundamentally from annual renewable energy certificate matching. Annual matching allows purchasing certificates from any time period to offset consumption regardless of when carbon-free energy was available. Hourly matching requires every megawatt-hour consumed to be matched with carbon-free generation in the same location and hour, which is far more stringent and better reflects actual grid decarbonization impact.","High Quality",""
"A complete scope accounting for AI companies requires distinguishing Scope 1 emissions (direct fuel combustion), Scope 2 emissions (purchased electricity), and Scope 3 emissions (supply chain, hardware manufacturing, customer use). Most AI sustainability disclosures focus on Scope 2 electricity, which is the easiest to measure and influence. Scope 3 -- including carbon embedded in chip manufacturing and energy consumed by API users -- is material but largely unreported.","High Quality",""
"The marginal carbon intensity of electricity varies significantly by hour of day and season as different generation sources respond to demand changes. In California, grid carbon intensity is roughly 3-5x higher during evening demand peaks than at midday solar production peaks. AI workloads that can be time-shifted by even a few hours -- training runs, batch inference, data preprocessing -- can reduce carbon footprint substantially without any change to model or hardware.","High Quality",""
"Single-phase liquid immersion cooling, where hardware is submerged in dielectric fluid, can eliminate 99% of traditional cooling energy compared to air-cooled facilities while enabling significantly higher server density. Companies like GRC and LiquidStack are deploying this at scale with PUE values approaching 1.03. The tradeoffs include higher upfront infrastructure cost and hardware maintenance complexity, but for GPU-dense AI workloads the carbon economics are increasingly favorable.","High Quality",""
"Stockholm Data Parks captures waste heat from data center cooling systems and redirects it to the municipal district heating network, serving approximately 10% of Stockholm's residential heating demand. This converts a thermodynamic liability into community infrastructure value and improves the net energy balance of AI compute. The model requires proximity to district heating networks and cold climates, limiting scalability, but demonstrates that AI infrastructure externalities can become community assets.","High Quality",""
"TSMC's chip fabrication processes consume approximately 5-10 liters of ultrapure water per wafer, and the company consumed around 73 million tonnes of water in 2022. As AI demand drives investment in leading-edge chip production, the upstream water footprint of hardware manufacturing becomes a material sustainability concern. Taiwan faces increasing drought risk from climate change, creating a feedback loop where climate impacts threaten the hardware supply chain for AI systems used to study climate.","High Quality",""
"The Green Software Foundation's Software Carbon Intensity specification defines a standardized formula that normalizes emissions per functional unit such as requests, users, or predictions -- rather than reporting raw total emissions. Unlike raw carbon totals, SCI enables fair comparison between AI systems of different scales and deployment configurations. Adoption by cloud providers would enable apples-to-apples efficiency benchmarking across the industry for the first time.","High Quality",""
"A 2022 study using the GreenAlgorithms calculator found that ML researchers systematically underestimate their computational carbon footprints, often by an order of magnitude, due to poor visibility into actual hardware power draw and regional grid carbon intensity. The tool, developed at the European Bioinformatics Institute, allows researchers to estimate footprints by entering runtime, hardware type, and location. Without measurement tools integrated into standard ML platforms, accurate disclosure remains aspirational.","High Quality",""
"CodeCarbon is an open-source Python package that instruments ML training loops to measure and log energy consumption and estimated CO2 emissions in real time, using hardware power sensors and regional carbon intensity data. A study analyzing over 200 ML experiments found that GPU selection was the single largest driver of energy variance -- up to 13x -- even when controlling for model size and dataset. Tooling like CodeCarbon lowers the barrier to measurement, but integration into standard ML workflows remains sporadic.","High Quality",""
"An analysis of model cards published on Hugging Face found that fewer than 5% included any compute or energy usage information, despite growing community awareness of sustainability concerns. Model cards, introduced by Mitchell et al. in 2019, were designed to document model characteristics including limitations and performance across subgroups. Adding mandatory energy disclosure to model documentation standards would represent a low-cost intervention with high informational value for the entire ecosystem.","High Quality",""
"GPU utilization efficiency -- the fraction of time tensor cores are performing useful computation -- is a critical and often overlooked efficiency lever. Under-batched inference workloads commonly run at 20-40% GPU utilization, meaning 60-80% of energy consumed is spent on idle or overhead operations. Dynamic batching, request queuing, and serving framework optimization can bring utilization above 80%, multiplying the impact of hardware and algorithmic efficiency gains already made.","High Quality",""
"Early exit networks allow inference to terminate at intermediate layers when model confidence exceeds a threshold, skipping remaining computation. Applied to BERT-class models, early exiting can reduce average inference FLOPs by 50-75% on typical NLP classification tasks with negligible accuracy impact, because many examples are straightforward and do not require full network depth. This form of adaptive computation directly ties per-example energy consumption to example difficulty.","High Quality",""
"Token dropping selectively skips computation for tokens deemed less important at each transformer layer based on learned or heuristic importance scores. Papers such as PoWER-BERT demonstrate 2-4x inference speedup at less than 1% accuracy degradation on standard NLP benchmarks. At production inference volumes, these speedups translate directly to reduced energy and infrastructure cost, making adaptive inference one of the most deployment-ready sustainability interventions available.","High Quality",""
"Google's TPU v4 delivers roughly 275 teraFLOPS at 170W TDP, compared to the A100's 312 teraFLOPS at 400W -- a very different FLOPS-per-watt profile depending on workload type. For training large language models in a TPU pod, interconnect efficiency and memory bandwidth can matter more than peak FLOPS, and the TPU's high-bandwidth mesh network substantially reduces energy overhead from distributed training communication. Hardware selection should be evaluated holistically, not on peak FLOPS alone.","High Quality",""
"AMD's MI300X integrates CPU and GPU compute with a unified 192GB HBM3 memory pool, eliminating the PCIe transfer bottleneck that typically accounts for 20-30% of energy overhead in CPU-GPU inference workflows. For LLM inference where memory bandwidth is the binding constraint, this architectural choice improves FLOPS-per-watt efficiency substantially. Competitive pressure between Nvidia and AMD on efficiency metrics is one of the most effective market forces currently driving AI hardware sustainability.","High Quality",""
"On-device inference using Apple Silicon Neural Engine consumes approximately 1-2W for typical natural language processing tasks, compared to 150-300W for server-grade GPUs handling the same model via cloud API. For use cases where a smaller on-device model achieves sufficient accuracy, eliminating data center round-trips produces enormous energy savings. This is driving renewed interest in model compression and efficient architectures tuned specifically for mobile and edge deployment.","High Quality",""
"Climate TRACE is a global emissions monitoring coalition that uses satellite imagery, remote sensing, and AI models to independently estimate greenhouse gas emissions at the facility level in near real time. By 2023 it had published asset-level emissions estimates for over 300 million sources across 10 sectors. This application demonstrates one of the strongest positive externalities of AI: enabling granular emissions measurement that is a prerequisite for effective climate policy.","High Quality",""
"DeepMind's work with Orsted demonstrated that an AI model trained on historical wind farm data could predict wind power output 36 hours ahead with accuracy comparable to current day-ahead scheduling processes. This predictability improvement allows wind energy to be committed to grid operators with greater confidence, increasing the bankability of renewable generation assets. AI-enabled renewable forecasting is a case where environmental benefit substantially exceeds operating energy cost.","High Quality",""
"AI-powered demand response systems can shift industrial and commercial electricity consumption by hours in response to real-time grid carbon intensity signals, delivering grid flexibility at a fraction of the capital cost of physical storage. Nest's Rush Hour Rewards program demonstrated that AI-managed thermostat control could reliably reduce peak demand by up to 15%. Applied to AI data centers themselves, demand response could be the highest-value grid service they provide.","High Quality",""
"Precision agriculture AI uses satellite, drone, and sensor data to prescribe variable-rate fertilizer and water application, reducing nitrogen fertilizer usage by 15-20% with equivalent or better yields in documented deployments. Since nitrogen fertilizer production accounts for approximately 1-2% of global energy consumption, this represents a material decarbonization opportunity. The training and operating energy cost of precision agriculture AI models is orders of magnitude smaller than the agricultural emissions they help avoid.","High Quality",""
"Dodge et al.'s 2022 paper on measuring carbon intensity of AI in cloud instances provided the first systematic analysis of how carbon intensity varies across cloud providers, regions, and time, finding up to 40x variation across AWS regions alone. The paper introduced carbon intensity as a first-class variable for ML practitioners to optimize. This work established the empirical foundation for region-aware AI infrastructure procurement decisions.","High Quality",""
"The distinction between net zero and carbon neutral is material for AI sustainability commitments. Carbon neutral typically means offsetting annual emissions through carbon credits without necessarily reducing absolute emissions. Net zero, by IPCC definition, requires reducing emissions by at least 90% with high-permanence removals offsetting only residual emissions -- a categorically stronger and more scientifically credible commitment than purchasing offsets to claim neutrality.","High Quality",""
"Direct air capture technology currently costs approximately $600-1,000 per tonne of CO2 removed and requires roughly 2,000 kWh of energy per tonne. At this energy intensity, using electricity to power DAC for AI carbon offsets is economically irrational compared to directly reducing AI compute energy. DAC may become cost-competitive at scale by the mid-2030s, but relying on it as a near-term offset strategy for current AI emissions is not yet technically or economically defensible.","High Quality",""
"The Science Based Targets initiative's ICT sector guidance requires Scope 1 and 2 emissions reductions of 50% by 2030 and supply chain engagement. As of 2023, fewer than 10% of tech companies with SBTi targets had submitted credible Scope 3 pathways. For AI companies, Scope 3 is particularly significant because it includes embodied carbon in hardware supply chains and energy consumed by API customers -- both of which may exceed direct operational emissions at scale.","High Quality",""
"A lifecycle assessment of a large language model must account for at minimum five stages: hardware manufacturing, facility construction, training, inference over the deployment lifetime, and hardware decommissioning. Studies that report only training emissions capture as little as 10-20% of total lifecycle carbon footprint for widely deployed models. The AI field needs ISO 14040-compliant LCA methodology standards before lifecycle sustainability comparisons between systems can be made reliably.","High Quality",""
"The ratio of inference compute to training compute grows without bound as deployment scale increases. For a model trained once but queried 10 billion times, a 10x efficiency improvement in inference reduces total lifecycle emissions by roughly 9x, while a 10x training efficiency improvement reduces them by approximately 10% if training represents 10% of total compute. This arithmetic drives the conclusion that inference efficiency should receive priority attention from both researchers and infrastructure engineers.","High Quality",""
"The Open Compute Project's hardware sustainability efforts include a Data Center Liquid Cooling specification and DCIM standards enabling granular energy measurement at the rack level. OCP member companies including Meta, Microsoft, and Google collaborate on reference designs that improve efficiency industry-wide rather than treating efficiency as a proprietary competitive advantage. This pre-competitive collaboration on infrastructure sustainability deserves broader adoption across the industry.","High Quality",""
"The EU Taxonomy for Sustainable Activities classifies data center operations as potentially sustainable if they meet specific technical screening criteria including PUE below 1.5 for existing facilities, renewable energy use, water efficiency, and hardware circular economy requirements. This creates a green finance pathway where compliant data centers can access sustainability-linked bonds at preferential rates, establishing a market incentive for meeting measurable environmental standards.","High Quality",""
"Renewable Energy Certificates represent the environmental attributes of one MWh of renewable generation, decoupled from the actual electrons delivered to a facility. Purchasing RECs from existing large hydro projects does not represent new renewable capacity added to the grid. Power Purchase Agreements that fund new renewable projects are more credible sustainability interventions, particularly when structured with hourly matching or local procurement. The REC vs PPA distinction is critical for evaluating AI company renewable claims.","High Quality",""
"Gradient checkpointing trades compute for memory by recomputing activations during the backward pass rather than storing them, reducing memory requirements by roughly the square root of network depth at the cost of approximately 33% more computation. For scenarios where GPU memory is the binding constraint, this enables larger batch sizes that improve utilization and more than compensate for the recomputation overhead, making it an energy-neutral or beneficial technique in memory-bound training.","High Quality",""
"Mixed precision training using BF16 or FP8 arithmetic instead of FP32 provides 2-4x speedup in tensor operations on modern hardware. NVIDIA's H100 achieves up to 3,958 teraFLOPS in FP8 sparse mode compared to 312 teraFLOPS in FP32, a 12x theoretical peak increase. In practice, real-world training speedups of 2-3x are routine, directly reducing training time and energy cost per unit of model quality achieved.","High Quality",""
"The lottery ticket hypothesis proposes that dense neural networks contain sparse sub-networks trainable to similar accuracy with a fraction of the parameters. Structured pruning based on this principle can reduce model size by 50-90% while preserving most benchmark performance, with pruned models achieving significantly faster inference. The practical challenge is that pruned models are often less compatible with hardware accelerators optimized for dense matrix operations.","High Quality",""
"State space models like Mamba process sequences in O(n) time rather than the O(n squared) of standard transformer attention, making them theoretically much more efficient for very long contexts. However, in the sequence length regimes common in current production deployments -- typically under 8,000 tokens -- transformers with flash attention remain competitive. The energy implications of an SSM-dominant future remain an active research question as the architectural transition plays out.","High Quality",""
"Data deduplication before pretraining reduces dataset size and training steps required to reach equivalent benchmark performance. The Dolma dataset for the OLMo model applied aggressive deduplication that reduced token count by approximately 30% while improving model quality on downstream evaluations. Investment in data quality -- a data engineering concern distinct from modeling -- directly reduces the compute and energy required to train a model to a given capability level.","High Quality",""
"Continuous batching in LLM inference servers dynamically adds new requests to in-progress batches rather than waiting for all requests to complete. Implemented in systems like vLLM, this technique improves GPU utilization by 2-4x compared to static batching, directly reducing energy cost per token served. At consumer-facing AI application scales, inference serving architecture decisions like this have aggregate energy impact in the megawatt-hour range.","High Quality",""
"A 2023 IEA analysis reported average PUE of 1.10 for Google's data centers and 1.20 for Microsoft Azure, against an industry average of approximately 1.58. The gap between hyperscale leaders and the long tail of enterprise and colocation data centers running AI workloads represents a substantial and addressable energy inefficiency. Policies requiring minimum efficiency standards for AI-intensive computing facilities would address this tail more effectively than voluntary commitments from companies already at best practice.","High Quality",""
"Typical enterprise GPU refresh cycles of 3-5 years leave substantial computing life in the hardware, and secondary markets for datacenter-grade GPUs have grown substantially. The embodied carbon of manufacturing an H100 has been estimated at approximately 150-250 kg CO2e. Amortized over a 4-year lifecycle at high utilization, this represents roughly 10-20% of total lifecycle carbon -- making hardware lifetime extension and refurbishment markets meaningful sustainability interventions.","High Quality",""
"Intel's Loihi 2 neuromorphic chip processes spiking neural network workloads at approximately 0.1-1 milliwatts of active power, compared to tens of watts for GPU-based inference. For sparse signal detection and sensor processing tasks, neuromorphic architectures can be 100-1000x more energy-efficient than conventional accelerators. However, programming models and toolchains remain immature, limiting practical deployment to specialized low-power edge applications rather than general AI workloads.","High Quality",""
"Foundation model pretraining requires training on trillions of tokens across thousands of GPU-hours. Instruction fine-tuning on top of a pretrained foundation typically requires 100-1000x fewer GPU-hours to produce a task-capable model. The carbon efficiency of a foundation model -- enabling capability via fine-tuning rather than training from scratch -- may be the highest-leverage form of compute reuse in the current AI landscape, making model sharing infrastructure a sustainability concern as well as an economic one.","High Quality",""
"The Software Carbon Intensity specification normalizes emissions per functional unit -- per request, per user, per prediction -- enabling fair comparison between AI services of different scales. A model serving a million requests per day should be compared on SCI per request, not total emissions. Without per-unit normalization, sustainability comparisons between AI systems of different scales are methodologically invalid and misleading.","High Quality",""
"Microsoft's carbon negative 2030 commitment includes specific operational milestones: 100% renewable energy for all electricity consumption by 2025, elimination of diesel backup generators by 2030, and removal of all historical carbon emissions by 2050. The commitment is notable for explicitly targeting Scope 3 supply chain emissions rather than operational Scope 1 and 2 alone, addressing the hardware manufacturing carbon that most AI company sustainability reports omit.","High Quality",""
"Carbon offset quality varies enormously across dimensions of permanence, additionality, and verifiability. Forest offset credits are particularly problematic: forests can burn or die from climate change, releasing stored carbon decades before the offset was supposed to last. Direct air capture and mineralization-based removals have higher permanence and measurability but are currently 10-100x more expensive per tonne than forestry credits. AI companies using high-quality removals for residual emissions make a materially stronger sustainability commitment.","High Quality",""
"Norway and Iceland route the majority of new AI data center construction to regions where nearly 100% of electricity comes from hydroelectric and geothermal sources, enabling genuinely low-carbon AI compute by default. The combination of cold climates and clean grids reduces both cooling energy and operational carbon intensity simultaneously. Geographic location selection is one of the highest-leverage sustainability decisions an AI infrastructure team can make, representing a carbon factor of 10-50x between optimal and average grid locations.","High Quality",""
"GraphCast, DeepMind's AI weather prediction model, generates 10-day global forecasts in under a minute at a fraction of the computational cost of traditional numerical weather prediction systems. Traditional NWP simulations require millions of CPU-hours per forecast cycle, whereas GraphCast inference requires minutes on a single TPU. This is among the clearest documented cases of an AI application reducing the energy consumption of an existing computational process by orders of magnitude.","High Quality",""
"Retrieval-augmented generation routes queries to a small retrieval system that fetches relevant context, which a smaller generative model then uses to produce responses -- often achieving quality competitive with much larger parametric models for knowledge-intensive tasks. For domains with stable factual content, RAG architectures can reduce the required generative model size by 10x or more, with proportional reductions in inference energy. The architectural choice between RAG and larger parametric models has direct sustainability implications at serving scale.","High Quality",""
"Hyperparameter optimization is among the most carbon-intensive phases of industrial ML development: exhaustive grid search over a 10x10 hyperparameter space requires 100 full training runs. Bayesian optimization methods and early stopping rules can reduce HPO compute by 5-10x for equivalent final model quality. For large-scale model development, HPO efficiency represents a sustainability opportunity comparable in magnitude to inference optimization.","High Quality",""
"Model ensembles combine predictions from multiple independently trained models, improving accuracy at the cost of proportionally increased inference compute. For applications where a single large model achieves equivalent accuracy to an ensemble of smaller models, the single model is always more energy-efficient for inference. Ensemble vs. single-model architectural decisions should explicitly account for inference energy cost at the expected query volume, particularly for consumer-facing applications.","High Quality",""
"Transfer learning -- fine-tuning a pretrained model rather than training from scratch -- typically reduces compute required to reach task performance by 10-100x compared to task-specific training from random initialization. At the scale of the ML research community, the shift from task-specific architectures to fine-tuning pretrained foundations over the past five years may represent the largest single reduction in aggregate training carbon in the field's history.","High Quality",""
"The upstream energy and water intensity of AI hardware manufacturing is rarely included in corporate AI sustainability reporting. Chip fabrication at leading-edge nodes requires significant energy per wafer, and the supply chain extends through rare earth mining, chemical processing, and global logistics -- all contributing to embodied carbon. Full lifecycle analysis of AI systems cannot be done without supply chain engagement, which is the most challenging aspect of AI Scope 3 emissions accounting.","High Quality",""
"Academic compute resource allocation at major research institutions is rarely accompanied by carbon accounting or disclosure. A 2022 study found that the annual compute carbon footprint of a single large AI research lab could exceed 1,000 tonnes of CO2e. Universities claiming leadership on sustainability while operating large AI research clusters should be expected to publish annual compute carbon footprint disclosures alongside their operational emissions reports.","High Quality",""
"AI companies should be more transparent about how much energy their models consume. As a user, I have no way to know the environmental cost of the tools I rely on daily, and I think that needs to change.","Medium Quality",""
"I suspect open-source models are generally better for the environment than large proprietary systems, since they can be run on smaller, task-specific hardware. I would love to see rigorous comparisons though.","Medium Quality","Reasonable intuition but depends heavily on deployment context and scale; the claim is plausible but not well-supported by data"
"Using AI for climate science -- weather prediction, carbon monitoring, biodiversity tracking -- seems like one of the clearest cases where the energy cost is justified. I am less convinced about AI for social media marketing copy.","Medium Quality",""
"My sense is that the industry focuses more on training efficiency than inference efficiency, even though inference at scale is probably the bigger long-term emissions driver. Good deployed-system data would help resolve this.","Medium Quality",""
"It seems obvious that AI data centers should be sited adjacent to renewable energy generation wherever possible, not just buying certificates retroactively. I am not sure why this is not already the default approach.","Medium Quality",""
"Sustainable AI governance should be integrated into responsible AI frameworks rather than siloed into a separate sustainability initiative. Environmental harm is a category of AI harm and should be treated as such.","Medium Quality",""
"Green AI is attracting more attention but I still see a lot of claims without clear methodology. I hope the field develops better standards before marketing outpaces substance in this space.","Medium Quality",""
"Some kind of international framework on AI energy disclosure seems necessary given that major training runs are not confined to any single national jurisdiction. No single regulator can require disclosure from a globally distributed industry.","Medium Quality",""
"I try to discuss the energy cost of model training with my students because these habits of mind matter if built early in a career. I am not sure enough ML instructors do this.","Medium Quality",""
"Cloud providers have the data to give customers real-time carbon footprint estimates for every API call. Making this information visible would probably change developer behavior more than any policy intervention.","Medium Quality",""
"I worry that every efficiency gain in AI compute just gets absorbed by new applications rather than reducing total energy use. The history of computing gives me little reason for optimism about this dynamic.","Medium Quality",""
"Carbon efficiency ratings on AI-powered products -- something like energy star labels on appliances -- would give enterprise buyers something concrete to evaluate and compare during procurement decisions.","Medium Quality",""
"For companies with clean local energy and high hardware utilization, on-premise AI deployment may actually be more sustainable than cloud. The assumption that cloud is always greener is not well-supported.","Medium Quality",""
"Companies building sustainable AI infrastructure now are probably positioning themselves well for the regulatory environment of the next decade. This is as much a business strategy question as an ethics question.","Medium Quality",""
"It seems strange that we require detailed environmental impact assessments for industrial facilities in many jurisdictions but not for large AI data centers, despite comparable energy and water footprints.","Medium Quality",""
"The water consumption side of AI infrastructure gets far less attention than electricity use. In water-stressed regions it may be the more binding near-term constraint, and the conversation needs to broaden beyond kilowatt-hours.","Medium Quality",""
"I have talked to many early-stage AI startup founders and sustainability almost never comes up in their infrastructure planning conversations. It is treated as something only large companies need to worry about.","Medium Quality",""
"I attend a lot of tech board meetings and AI sustainability rarely makes the agenda unless a regulation forces it. Boards are focused on capability and market position. Someone needs to frame this as a material risk.","Medium Quality",""
"If you are building an AI engineering career right now, understanding energy and cost efficiency of model architectures is probably going to be a core skill within five years. The market for frugal AI is growing.","Medium Quality",""
"The AI research community has a culture of chasing benchmark performance above all else. A shift toward efficiency is possible but requires conferences to require energy disclosure rather than just encouraging it.","Medium Quality",""
"Energy consumption should be a required metadata field in every ML paper reporting training results. It is a cost of doing the research and the scientific community should be transparent about the full cost.","Medium Quality",""
"Institutional investors are starting to include AI sustainability in due diligence frameworks, mostly through the lens of regulatory risk. That motivation still leads to the right conversations even if the framing is different.","Medium Quality",""
"ML researchers flying to international conferences likely generate substantial carbon. More virtual content and regional hub models would seem like low-hanging fruit for the academic AI sustainability conversation.","Medium Quality",""
"A certification program for sustainable AI practices run by an independent body could create meaningful market differentiation for companies meeting high standards. I would like to see one gain traction in the next few years.","Medium Quality",""
"The number of AI sustainability-focused job postings has grown noticeably in the past two years. Whether this reflects genuine commitment or compliance positioning, talent flowing into this space should have positive effects.","Medium Quality",""
"AI courses and bootcamps almost never cover environmental impact. Adding a module on compute efficiency and carbon accounting to standard ML curricula seems like a high-return investment for the field's long-term trajectory.","Medium Quality",""
"Mandatory public disclosure requirements tend to drive more change than voluntary commitments. Companies facing required reporting systematically improve on the metrics they must disclose.","Medium Quality",""
"Supply chain emissions from AI hardware manufacturing are almost never reported by companies running AI workloads. The carbon embedded in chips, servers, and cooling systems is significant and routinely excluded from corporate sustainability reports.","Medium Quality",""
"Small and medium enterprises adopting AI through APIs generally have no visibility into the carbon footprint of those API calls. The environmental burden of AI is effectively hidden from the majority of business AI users.","Medium Quality",""
"The growth of AI infrastructure investment in Southeast Asia and the Middle East raises questions about sustainability standards in those regions. If global compute shifts to higher-carbon grids, industry-wide AI emissions will rise even as individual leading companies improve.","Medium Quality",""
"Industry groups like the Green Software Foundation are doing important measurement standards work, but they need adoption from companies that are not already self-motivated sustainability leaders. Reaching the laggards is the hard part.","Medium Quality",""
"There is no perfect solution to AI sustainability. It is a set of tradeoffs: efficiency versus capability, training versus inference, renewable matching versus 24/7 carbon-free. Honest acknowledgment of tradeoffs is more useful than marketing claims.","Medium Quality",""
"The regulatory environment for AI sustainability is genuinely uncertain, with the EU, US, and various Asian regulators pursuing different frameworks. Fragmented compliance landscapes may paradoxically slow progress by increasing friction without creating clear standards.","Medium Quality",""
"Enterprise AI deployments often use large foundation models for relatively simple tasks. Running a 70B parameter model to classify customer service emails seems like a significant efficiency mismatch that nobody is internally accountable for.","Medium Quality",""
"Peer pressure within research groups is underrated as a force for change. When a lab's most respected members start reporting compute costs, others follow. Norms shift faster through community culture than through regulation.","Medium Quality",""
"I look at many AI startup pitch decks and can count on one hand how many mention sustainability or efficiency. Investors are not asking about it yet, which is why founders are not prioritizing it.","Medium Quality",""
"Most software engineers building AI applications have no idea how much energy their model choices consume. This is an observation about how disconnected infrastructure energy consumption is from application development workflows.","Medium Quality",""
"Virtual conferences substantially reduce carbon footprint for international attendees. The AI research community should be more intentional about which events need to be in-person versus fully distributed.","Medium Quality",""
"Model cards should have a mandatory section for training compute, inference compute, and estimated carbon footprint. Right now energy disclosure is optional and almost never included in practice.","Medium Quality",""
"AI applications for climate science, drug discovery, and structural biology seem like cases where even a large training footprint can be justified by downstream impact. Better tools for this kind of social cost-benefit analysis would help.","Medium Quality",""
"Frugal AI -- achieving strong results with minimal compute -- seems like the most underrated trend in the field right now. Small, fast, accurate models are almost always preferable to large slow ones for most real-world tasks.","Medium Quality",""
"Edge inference -- running models on local devices rather than cloud servers -- could dramatically reduce network energy and data center energy for many AI use cases. The model size constraint is weakening every year as edge hardware improves.","Medium Quality",""
"There is an interesting overlap between AI ethics and AI sustainability: both push toward smaller, more interpretable, and more efficient models. These communities would benefit from more joint work rather than parallel conversations.","Medium Quality",""
"AI chip export controls create fragmented global compute markets with efficiency implications that have not been fully analyzed. Efficiency gains from leading-edge fabs do not propagate globally when access to that hardware is restricted.","Medium Quality",""
"Public pressure tends to work better when it gives companies specific and measurable asks. Requiring AI companies to publish hourly carbon intensity data for their data centers is concrete and achievable.","Medium Quality",""
"Media coverage of AI sustainability has improved but still often oscillates between dismissal and alarmism without enough analytical nuance. The space needs science journalism that can hold the complexity of the tradeoffs.","Medium Quality",""
"Most AI energy benchmarking frameworks already exist. The problem is that adoption is voluntary and inconsistent. Mandating their use through procurement requirements seems like the missing enforcement mechanism.","Medium Quality",""
"ESG investors are starting to include AI energy consumption in due diligence. This creates financial incentives for AI companies to improve sustainability disclosure even before regulations require it.","Medium Quality",""
"An internal carbon price on compute -- charging teams a notional cost per GPU-hour based on grid carbon intensity -- is one of the most practical ways to internalize environmental costs without waiting for external regulation.","Medium Quality",""
"I use AI tools daily for my work and feel genuine tension about the environmental cost. I do not think individual guilt is the right frame, but I also do not think it should be dismissed entirely. Systemic accountability matters more.","Medium Quality",""
"Our engineering team switched from a 70B to a 13B parameter model for our core classification pipeline and got equivalent accuracy at significantly lower compute cost. I think it was one of our best infrastructure decisions this year.","Medium Quality","Self-reported efficiency gain without energy measurement or methodology; cost reduction is not the same as energy reduction"
"Universities running large AI research clusters should publish annual carbon footprint reports for their compute usage. Academic institutions that advocate sustainability externally should hold themselves to the same transparency standards.","Medium Quality",""
"Apple Silicon proves that energy-efficient AI inference is achievable at high performance levels. The fact that a laptop can run a useful LLM locally changes the calculus on whether every AI task needs a data center.","Medium Quality",""
"In most organizations the team responsible for AI sustainability and the team actually building AI systems are separate groups with no shared accountability metrics. Structural integration of these responsibilities seems like a prerequisite for progress.","Medium Quality",""
"Regulatory compliance requirements, not voluntary commitments, are what will drive meaningful AI sustainability improvements for the majority of the industry. First-mover voluntary commitments set the standard; compliance mechanisms scale it.","Medium Quality",""
"Hyperscalers are making genuine progress on sustainable infrastructure. What concerns me is the gap between hyperscaler performance and the much larger population of mid-tier data centers and enterprise infrastructure running AI workloads.","Medium Quality",""
"The companies in the middle of the AI market -- large enough to run their own infrastructure but too small to invest heavily in efficiency research -- are probably the biggest sustainability blind spot in the current landscape.","Medium Quality",""
"Community-led standards development for AI sustainability metrics would be preferable to a proliferation of competing frameworks from different industry groups. Measurement fragmentation makes progress harder to track and verify.","Medium Quality",""
"Standard AI benchmarks measure capability but not efficiency. A benchmark that reports performance per joule rather than just accuracy would change what the field optimizes for in ways that voluntary guidelines cannot achieve.","Medium Quality",""
"The global AI infrastructure buildout currently underway will lock in energy consumption patterns for 20 years or more. Getting sustainability standards right now matters far more than incremental improvements to existing infrastructure.","Medium Quality",""
"Future hardware will be dramatically more energy-efficient than today's, as it has been with every previous generation of computing hardware. That does not mean current energy costs do not matter, but it does affect which interventions are most urgent.","Medium Quality",""
"ML engineers who develop expertise in model efficiency, quantization, and deployment optimization are increasingly valuable in a market that is starting to price compute costs seriously. Sustainability skills and career skills are converging.","Medium Quality",""
"Foundation models that many teams can fine-tune and reuse reduce aggregate carbon costs compared to each team training from scratch. The business model of foundation model providers aligns reasonably well with aggregate sustainability goals.","Medium Quality",""
"Sustainable AI should be positioned as a market opportunity, not just a compliance burden. Companies developing leadership in efficient AI systems are likely to have significant cost advantages as compute expenses and regulatory requirements both rise.","Medium Quality",""
"Longer context windows mean more tokens per inference call and more energy per query. As context lengths move toward 100K and 1M tokens, per-query energy costs rise substantially even with efficient attention mechanisms.","Medium Quality",""
"There should be an energy cost label on every AI API endpoint, similar to how some electricity retailers show carbon intensity per kilowatt-hour. It would meaningfully change how developers architect their applications.","Medium Quality",""
"Efficiency research receives far less funding and academic recognition than capability research. The incentive gap between achieving state-of-the-art accuracy and achieving the most efficient architecture for a given accuracy is the main structural barrier.","Medium Quality",""
"The ML research community spends enormous effort optimizing benchmark leaderboard positions. Redirecting even 10% of that competitive energy toward efficiency leaderboards would have disproportionate impact on the field's sustainability trajectory.","Medium Quality",""
"Technical progress on sustainable AI is necessary but not sufficient. Cultural change within engineering teams -- where efficiency is valued alongside capability -- is equally important and probably harder to achieve through policy levers alone.","Medium Quality",""
"Corporate transparency on AI sustainability has genuinely improved over the past three years. More companies are publishing energy and water consumption data than ever before. Whether substance is improving at the same rate is a separate question.","Medium Quality",""
"There is often a significant gap between a company's sustainability commitments in press releases and the actual energy reporting available to external stakeholders. Disclosure quality matters as much as the ambition of the targets themselves.","Medium Quality",""
"Government procurement of AI services could be a powerful lever for sustainability standards. If public sector contracts required minimum energy efficiency standards and carbon disclosures, it would create market pressure across the AI supply chain.","Medium Quality",""
"The AI ethics community and the AI sustainability community are addressing overlapping structural problems -- excessive scale, lack of accountability, concentrated power. More joint work between these communities would benefit both.","Medium Quality",""
"I hope the coming decade brings an inflection point where efficiency becomes as culturally central to AI development as benchmark accuracy. The conversation is moving in that direction, and how fast it moves depends largely on incentive design.","Medium Quality",""
"AI is literally destroying the planet one prompt at a time. Every time you use ChatGPT you are personally contributing to the climate crisis. Delete your AI apps now before it is too late.","Low Quality",""
"Big Tech is gaslighting you about sustainable AI. These companies do not care about the environment and they never will. They exist to extract value, not to save the planet.","Low Quality",""
"AI data centers now consume more electricity than the entire continent of Africa combined. This is a planetary emergency and the mainstream media refuses to cover it.","Low Quality","Specific statistic is false; Africa consumes approximately 700 TWh per year, far exceeding current global data center consumption estimates"
"I used an AI assistant to write one email this morning and now I feel personally responsible for accelerating global collapse. This technology should be regulated out of existence before it is too late.","Low Quality",""
"Sustainable AI is a total myth. There is nothing sustainable about running billion-parameter models 24 hours a day. Anyone telling you otherwise is trying to sell you something.","Low Quality",""
"AI will solve every major climate challenge by 2028 -- carbon capture, grid optimization, clean energy breakthroughs. Just let the technology develop without interference and the planet will be fine.","Low Quality",""
"I switched from a large AI model to a smaller one last week and instantly cut my personal carbon footprint by 90%. It took five minutes and everyone should do it right now.","Low Quality",""
"A single ChatGPT conversation uses more energy than leaving all the lights in your house on for a full year. This is not an exaggeration. Stop using AI if you claim to care about climate change.","Low Quality","Quantitative claim is wildly inflated; actual estimates for a single query are approximately 0.001 to 0.01 kWh, orders of magnitude below annual residential lighting"
"The only reason AI companies publish sustainability reports is to distract you from the fact that they are the largest industrial polluters in the history of civilization.","Low Quality",""
"AI energy consumption will literally overheat the atmosphere within a decade if we do not shut these systems down. The physics is clear. We have ten years at most.","Low Quality",""
"Powering AI data centers entirely with renewable energy is physically and mathematically impossible at the scale the industry requires. Anyone claiming otherwise simply has not done the math.","Low Quality",""
"My company just declared our AI operations 100% carbon neutral by planting 50 trees. We have fully solved our sustainability challenge and I am proud to call us a true green AI company.","Low Quality","Superficially resembles a legitimate corporate announcement; token tree planting without emissions reduction is widely discredited as inadequate for carbon neutrality claims"
"Microsoft announced they match 100% of their energy use with renewable certificates and that means every AI workload on Azure is now completely carbon free with zero environmental impact.","Low Quality","Misrepresents renewable energy certificate matching; RECs do not mean real-time carbon-free operations; the conclusion is factually incorrect"
"The AI industry has already emitted more carbon dioxide than all of recorded human warfare combined. Share this post if you think AI executives should face criminal prosecution.","Low Quality",""
"I have figured out the secret to green AI: never turn off your GPUs. Continuous operation is actually more energy efficient than repeated cold starts. This is what the industry does not want you to know.","Low Quality",""
"Every AI researcher working on large language models is knowingly contributing to an extinction-level environmental catastrophe. The scientific community needs to hold these people personally accountable.","Low Quality",""
"AI companies care more about environmental sustainability than any government on earth. Just trust them to self-regulate -- they have the best engineers, the most data, and the strongest incentives to fix this on their own.","Low Quality",""
"Every time you use an AI chatbot you are personally contributing to the death of the planet. One query at a time. Think about that before you hit send.","Low Quality",""
"AI data centers are going to cause a total collapse of the global power grid within five years. The math simply does not work at this scale. Start stockpiling candles now.","Low Quality",""
"ChatGPT uses more freshwater per day than the Amazon River carries in a full year. I cannot sleep after learning this. Please share before it gets taken down.","Low Quality",""
"Using AI daily is worse for the environment than flying business class every week. I saw this comparison somewhere and it completely changed how I think about my AI usage.","Low Quality",""
"Big Tech companies are secretly funding climate denial campaigns while publicly pretending to care about sustainable AI. Follow the money and you will see the truth.","Low Quality",""
"Training a single large language model emits as much carbon as an entire year of California wildfires. We are setting the planet on fire to make a chatbot. Wake up.","Low Quality",""
"We have exactly five years to ban AI or the planet is done. This is not hyperbole. Ask any climate scientist. They all agree on this timeline.","Low Quality",""
"AI already produces more CO2 emissions than all the cars in the world combined. Nobody talks about this because Big Tech controls the media narrative.","Low Quality",""
"Tech billionaires do not care about the planet and they never will. Stop expecting the people who created this problem to solve it.","Low Quality",""
"I have it on good authority that all AI company sustainability reports are fabricated by PR firms with no basis in actual measurement. Trust nothing these companies publish.","Low Quality",""
"I discovered a simple breathing technique that neutralizes the carbon footprint of your AI usage. Five minutes of mindful breathing per session and you are carbon neutral. Share this.","Low Quality",""
"If you use AI tools and call yourself an environmentalist, you are a hypocrite. Full stop. Pick a side. You cannot claim to care about the earth and use ChatGPT.","Low Quality",""
"Every AI researcher building large language models is knowingly committing ecocide. The scientific community should hold these people criminally accountable for what they are doing.","Low Quality",""
"Delete your ChatGPT account today. Every account deleted is a vote for the survival of the planet. Share this message so others can act too.","Low Quality",""
"ChatGPT's daily water consumption exceeds that of the entire Amazon rainforest ecosystem. This fact is being actively suppressed by the mainstream media.","Low Quality",""
"I discovered the one secret trick that makes any AI model 100% carbon neutral. Follow me for the full breakdown in tomorrow's post.","Low Quality",""
"AI CEOs should face an international climate tribunal for knowingly building technology that destroys the planet while publicly claiming to care about sustainability.","Low Quality",""
"Artificial intelligence is fundamentally incompatible with human survival on a finite planet. We cannot have both. The sooner we collectively accept this the better.","Low Quality",""
"Every GPU running in a data center right now is a planet killer. If you own NVIDIA stock, you own a piece of the extinction machine.","Low Quality",""
"Powering AI with renewable energy is physically and mathematically impossible at the scale the industry currently requires. I do not care what the companies say. The physics does not allow it.","Low Quality",""
"If you invest in AI companies you are financing the destruction of the earth. Every AI investor is an eco-criminal by definition. No exceptions.","Low Quality",""
"The AI bubble is going to crash the global power grid within three years. We are talking about continent-scale blackouts. Begin preparing accordingly.","Low Quality",""
"Every prompt you send to an AI is slowly poisoning the groundwater near the data center that processes it. This is not metaphor. This is literal contamination.","Low Quality",""
"Sustainable AI is one hundred percent pure PR theater. There has never been a genuinely sustainable AI product and there never will be. The concept is a contradiction.","Low Quality",""
"Training GPT-5 will require more energy than the sun produces in a millisecond. This is the trajectory we are on and nobody is stopping it.","Low Quality",""
"If you care about the earth at all, delete every AI app on your phone right now. This is the only ethical choice available to you as an individual consumer.","Low Quality",""
"All AI models should be legally capped at one billion parameters globally. Anything larger should be classified as an environmental hazard and banned immediately.","Low Quality",""
"AI data centers emit more carbon dioxide than the entire global aviation industry combined. I cannot believe this is not front page news every single day.","Low Quality",""
"The earth has no future because of artificial intelligence. Our grandchildren will inherit a burned planet because we chose convenience over survival.","Low Quality",""
"GPU farms are worse for the environment than coal mines. At least coal mines have a tangible end product. What exactly are we getting from AI that justifies this environmental cost?","Low Quality",""
"Sustainable AI is capitalist greenwashing propaganda designed to make you comfortable about a system that is destroying the planet. Do not fall for it.","Low Quality",""
"I went completely AI-free for one week and personally removed 300 kilograms of CO2 from the atmosphere. Everyone should try this immediately.","Low Quality",""
"SHOCKING: One ChatGPT session uses the energy equivalent of a nuclear reactor running at full capacity for an entire day. Why is nobody outraged about this?","Low Quality",""
"I have a source inside a major cloud provider who told me they are secretly dumping cooling wastewater directly into municipal aquifers. The coverup is massive.","Low Quality",""
"Share this post if you think AI should be banned until 100% of the electricity powering it is certified carbon-free at every hour of operation. Let us see how many people actually care.","Low Quality",""
"Every developer writing code to train large language models is directly harming future generations. I hope they can look their children in the eyes someday and explain their choices.","Low Quality",""
"AI data centers will drain every accessible freshwater reserve on earth by 2030. Climate scientists have been warning about this and the media refuses to report it.","Low Quality",""
"A whistleblower from a major AI company reached out to me. Every single sustainability figure these companies publish is completely fabricated. Every number is made up.","Low Quality",""
"The only truly sustainable AI is no AI at all. Any other answer is a compromise with the entity consuming the planet's resources. There is no middle ground.","Low Quality",""
"The AI industry has already emitted more carbon dioxide than all of recorded human warfare combined. Think about what that means and then tell me these companies deserve to exist.","Low Quality",""
"Choosing to use AI tools daily in 2025, when the evidence of environmental damage is clear, is a form of environmental negligence. We should treat it accordingly under law.","Low Quality",""
"GPUs are the cigarettes of our generation. We know they are causing serious harm. The industry knows. Regulators know. And we are all just watching it happen.","Low Quality","Unfounded analogy; cigarettes cause proven direct health harm with no safe level; the comparison overstates AI hardware's environmental harm profile"
"I refuse to use any AI tool on principle because I love this planet more than I love convenience. I challenge everyone reading this to join me today.","Low Quality",""
"Big Tech is going to destroy this planet by 2028 if we do not act immediately. That is not a prediction. That is a timeline. Mark it on your calendar.","Low Quality",""
"Every single AI company claiming to be environmentally responsible is lying. Without exception. There are no genuine green AI companies. The concept is an oxymoron.","Low Quality",""
"Just switch to meditating instead of using AI for five minutes a day. The cumulative energy saved across all users would literally reverse climate change. The science supports this.","Low Quality",""
"AI models should pay a carbon tax of ten dollars per token processed. That is the only mechanism capable of pricing the true environmental cost into the market.","Low Quality",""
"I carefully calculated that using AI for one hour is equivalent to driving 500 miles in a diesel truck. I do not want to show my work but the math checks out.","Low Quality",""
"AI data centers are being built on stolen indigenous land with no community consent and the emissions are being dumped on the most vulnerable communities globally.","Low Quality","The environmental justice concern about data center siting is legitimate but stated here as an absolute unverified fact; borderline with Medium Quality"
"All cloud computing services should be banned immediately until 100% of the electricity they consume is certified carbon-free at every hour of every day. No exceptions.","Low Quality",""
"AI is already more dangerous to the long-term habitability of the planet than a full-scale nuclear exchange. At least nuclear winter eventually ends. AI energy consumption will not.","Low Quality",""
"If you use ChatGPT more than once a day you are committing an environmental crime. This should be prosecutable under existing environmental protection statutes in every jurisdiction.","Low Quality",""
"The AI industry is the new tobacco industry. It knows the harm it causes, hides the evidence, and markets its products to addicted users while the planet pays the price.","Low Quality",""
"Artificial intelligence will trigger the sixth mass extinction event on earth within our lifetime. The timeline is already fixed. The only question is whether we stop it.","Low Quality",""
"I went AI-free for an entire month and my personal carbon footprint dropped by 50%. If every person did this for just one month, we could reverse climate change completely.","Low Quality",""
"AI companies receive billions in government subsidies that are being used to build infrastructure that destroys the planet. This is the greatest misallocation of public money in human history.","Low Quality",""
"Each attention layer in a large transformer uses enough energy to boil an ocean. There are dozens of them. Do the math and then tell me any of this is defensible.","Low Quality",""
"If we do not collectively ban AI within the next two years, every person alive today is complicit in ecocide. There is no nuance here. There is no middle ground.","Low Quality",""
"Sustainable AI is the biggest lie since climate change denial. In fact, it is climate change denial with better branding. The industry knows exactly what it is doing.","Low Quality",""
"AI training runs emit more carbon dioxide than all of human civilization from the start of recorded history to the beginning of the industrial revolution. Please share this.","Low Quality",""
"You cannot be a genuine environmentalist and use AI. Period. These two identities are fundamentally and permanently incompatible. Choose one.","Low Quality",""
"AI will consume 100% of global electricity production by 2030. That is the trajectory we are on. There will be nothing left for homes, hospitals, or schools.","Low Quality",""
"I am filing a formal legal complaint against my AI service provider for environmental damages and I encourage every user to do the same. Class action is the only option we have left.","Low Quality",""
"Asynchronous inference serving allows multiple requests to be batched and processed concurrently rather than serially, improving GPU utilization from typical 20-30% to 70-80% for many LLM workloads. At scale, this utilization improvement reduces energy per token by roughly 2-3x without any change to the model or serving hardware. Inference serving infrastructure decisions are among the most accessible sustainability levers for ML engineers working on deployed applications.","High Quality",""
"An AI model trained for materials discovery by DeepMind identified 2.2 million new crystal structures that could be synthesized, with 380,000 deemed stable -- compared to fewer than 50,000 in all prior experimental databases. For applications like solid-state battery electrolytes or photovoltaic materials, AI-accelerated discovery dramatically reduces the experimental iteration cycles that would otherwise consume months of laboratory energy. Positive externality impact at this scale clearly exceeds the training carbon cost.","High Quality",""
"Carbon accounting for AI systems requires distinguishing between attribution to the producing organization and attribution to the consuming organization. When a company uses an AI API, the emissions from inference are operationally incurred by the provider but economically caused by the consumer. This attribution ambiguity allows both parties to underreport: the provider excludes customer-driven inference from their footprint, while the customer excludes it because they did not incur the direct energy cost.","High Quality",""
"The Efficient NLP benchmark (Blagec et al., 2022) found that model performance per FLOP on common NLP tasks has improved by roughly 50x over five years across both task performance and hardware efficiency dimensions simultaneously. This rate of compound improvement suggests that energy per unit of NLP capability is declining rapidly -- but only when the capability improvement is defined at the task level rather than the model scale level. Defining efficiency relative to task completion rather than model size is essential for meaningful sustainability progress measurement.","High Quality",""
"AI-driven building energy management systems have demonstrated 15-30% reductions in HVAC energy consumption in large commercial buildings compared to conventional rule-based control, with negligible impact on occupant comfort. The energy saved per building per year typically exceeds the total training and inference energy cost of the AI system by 100x or more over the system lifetime. This class of AI applications represents one of the clearest cases of positive net energy impact when measured on a lifecycle basis.","High Quality",""
"The weight of AI model parameters stored in memory is itself a sustainability variable: a 7B parameter model in FP16 requires approximately 14GB of GPU memory, while the same model in 4-bit quantization requires roughly 3.5GB, enabling serving on a single consumer-grade GPU rather than multi-GPU server infrastructure. This hardware democratization has direct environmental implications: inference running on a consumer laptop at 20W rather than a data center GPU at 300W reduces per-query energy by a factor of roughly 15, independent of any algorithmic improvement.","High Quality",""
"I think AI companies should publish their monthly energy consumption data publicly, not just in annual sustainability reports. Real-time transparency would allow journalists, researchers, and policymakers to track trends and hold companies accountable.","Medium Quality",""
"There is an interesting tension between AI being part of the climate solution and part of the climate problem. I suspect the field is not being rigorous enough about when AI applications produce net positive versus net negative environmental outcomes.","Medium Quality",""
"Startup valuations in the AI space almost never account for future regulatory risk around energy consumption. I think investors are underpricing this risk significantly.","Medium Quality",""
"Green bonds specifically for AI data center infrastructure could channel institutional capital toward sustainability improvements faster than regulation. I would like to see more innovation in the financing structures available for this.","Medium Quality",""
"The falling cost of solar and wind energy is one of the most underappreciated tailwinds for AI sustainability. As renewable electricity becomes the cheapest generation source in most markets, the economics of green AI improve automatically.","Medium Quality",""
"Smaller AI engineering teams building tightly scoped products often write more efficient code than large teams building general platforms. I wonder if team size and organizational structure have underappreciated effects on AI energy consumption.","Medium Quality",""
"AI for scientific research -- protein folding, climate modeling, drug discovery -- seems categorically different from AI for consumer convenience applications. I think we need different sustainability conversations for each.","Medium Quality",""
"Private cloud AI infrastructure probably has worse sustainability characteristics than public hyperscale cloud in most cases, simply because smaller private deployments have less purchasing power for renewables and lower hardware utilization rates.","Medium Quality",""
"Global coordination on AI sustainability standards seems unlikely in the near term given current geopolitical dynamics. I worry this creates a race to the bottom dynamic for the jurisdictions where AI infrastructure investment is growing fastest.","Medium Quality",""
"Sustainability as a genuine competitive advantage in AI is still more aspiration than reality in most markets. Until customers actively choose more efficient models over more capable ones, the market signal is not strong enough to change behavior.","Medium Quality",""
"Developing world AI infrastructure investment deserves more attention in the sustainability conversation. Building data centers in regions with high-carbon grids because land and labor are cheap creates long-term emissions lock-in.","Medium Quality",""
"Industry self-certification for AI sustainability claims is insufficient. The history of other sectors suggests that voluntary self-reporting without independent audit consistently overstates performance relative to what rigorous third-party verification would find.","Medium Quality",""
"I notice that almost every AI company sustainability report focuses on scope 2 electricity while barely mentioning the carbon embedded in server hardware. I suspect scope 3 from hardware is larger than scope 2 for several major AI providers.","Medium Quality",""
"If AI model providers were required to disclose energy consumption per model and per query tier, I believe enterprise customers would incorporate this into procurement decisions. The data currently does not exist in a form that makes comparison possible.","Medium Quality",""
"I have started asking about energy efficiency in every AI vendor evaluation we do. Two years ago nobody could answer the question. Now most vendors at least have a framework for thinking about it, which feels like progress.","Medium Quality",""
"The community of ML practitioners who actively think about sustainability is still small relative to the overall field. Growing that community through education, tooling, and norms seems more tractable than top-down regulation in the near term.","Medium Quality",""
